-- AVA Motorcycle Centre - Supabase Seed Data
-- Run AFTER schema.sql in the Supabase SQL Editor
-- ─────────────────────────────────────────────────────────────────────────────

-- ─── Vendors ─────────────────────────────────────────────────────────────────
INSERT INTO vendors (name, address, phone, org_number, email, free_shipping_threshold) VALUES
('Honda Motor Distributors Sdn Bhd','Lot 6, Jalan Perniagaan 3, Taman Perindustrian Puchong, 47100 Puchong, Selangor, Malaysia','+60 3-8061 2000','198401012345 (115678-H)','svpriyaa2808@gmail.com',500),
('Yamaha Motor Malaysia Sdn Bhd','No. 1, Jalan Kemajuan, Seksyen 13, 40100 Shah Alam, Selangor, Malaysia','+60 3-5511 8888','198201034567 (100892-V)','svpriyaa2808@gmail.com',600),
('Kawasaki Motors (M) Sdn Bhd','B-5-1, Block B, Megan Avenue II, 12 Jalan Yap Kwan Seng, 50450 Kuala Lumpur, Malaysia','+60 3-2164 0088','199001056789 (204731-K)','svpriyaa2808@gmail.com',400),
('Suzuki Malaysia Sdn Bhd','No. 19, Jalan Tandang, Kawasan Perindustrian Tandang, 46050 Petaling Jaya, Selangor, Malaysia','+60 3-7782 9900','197801089012 (039847-D)','svpriyaa2808@gmail.com',300),
('BMW Motorrad Malaysia','Lot 10, Persiaran Industri, Bandar Sri Damansara, 52200 Kuala Lumpur, Malaysia','+60 3-6277 5533','200501023456 (693821-P)','svpriyaa2808@gmail.com',700),
('Ducati Asia Pacific Pte Ltd','10 Ubi Crescent, #05-28 Ubi Techpark, Singapore 408564','+65 6846 1238','200301045678 (SG)','svpriyaa2808@gmail.com',200),
('Triumph Motorcycles (Asia) Ltd','Unit 8, 6/F, Metroplaza Tower 1, 223 Hing Fong Road, Kwai Chung, New Territories, Hong Kong','+852 2488 9833','CR-1234567 (HK)','svpriyaa2808@gmail.com',300),
('Indian Motorcycle APAC Pte Ltd','1 HarbourFront Avenue, #14-07 Keppel Bay Tower, Singapore 098632','+65 6271 3388','201801067890 (SG)','svpriyaa2808@gmail.com',400),
('Royal Enfield Motors (M) Sdn Bhd','Suite 12-2, Level 12, Menara Lien Hoe, No. 8 Persiaran Tropicana, 47810 Petaling Jaya, Selangor, Malaysia','+60 3-7887 2211','201601078901 (1193456-U)','svpriyaa2808@gmail.com',500),
('Vogue Motorcycle Industries','Lot 88, Jalan Industri Batu Caves 1/3, Taman Industri Batu Caves, 68100 Batu Caves, Selangor, Malaysia','+60 3-6185 4477','201901034512 (1334512-W)','svpriyaa2808@gmail.com',600),
('NGK Spark Plugs (Malaysia) Sdn Bhd','No. 7, Jalan Hi-Tech 2, Kawasan Perindustrian Hi-Tech, 68000 Ampang, Selangor, Malaysia','+60 3-4251 6688','199501045671 (356892-A)','svpriyaa2808@gmail.com',400),
('EBC Brakes Distribution Asia','25 Tannery Road, #06-01 Tannery Block, Singapore 347801','+65 6744 2299','201201056789 (SG)','svpriyaa2808@gmail.com',300),
('Michelin Tyre PLC Malaysia','No. 2, Lebuh Utama 2, Taman Perindustrian Bukit Minyak, 14100 Simpang Ampat, Penang, Malaysia','+60 4-507 3300','197901067890 (049812-T)','svpriyaa2808@gmail.com',500),
('Alpinestars S.p.A.','Via Erizzo 48, 31033 Asolo (TV), Italy','+39 0423 55 411','IT 00347500269','svpriyaa2808@gmail.com',300),
('Shoei Co., Ltd.','1-5-8 Higashi Ikebukuro, Toshima-ku, Tokyo 170-8488, Japan','+81 3-3981 3771','0110-01-012345 (JP)','svpriyaa2808@gmail.com',600),
('AGV S.p.A.','Via Po 50, 36030 Molvena (VI), Italy','+39 0424 709 211','IT 01845890244','svpriyaa2808@gmail.com',200),
('Helmet House Inc.','1075 Pioneer Way, El Cajon, CA 92020, United States','+1 619-562-0020','EIN: 95-3456789','svpriyaa2808@gmail.com',100),
('LS2 Helmets','No. 3 Jinshan Road, Jinshan Industrial Zone, Nanhai District, Foshan, Guangdong, China 528248','+86 757-8622 8866','91440605MA4UX3XX5K','svpriyaa2808@gmail.com',500),
('REV''IT! Sport International BV','Columbusstraat 16, 5928 LC Venlo, Netherlands','+31 77 396 3600','KvK 12345678 (NL)','svpriyaa2808@gmail.com',200),
('Held GmbH','Industriestrasse 8, 89604 Allmendingen, Germany','+49 7391 70 0','HRB 500123 Ulm (DE)','svpriyaa2808@gmail.com',400),
('K&N Engineering Inc.','1455 Citrus Street, Riverside, CA 92507, United States','+1 951-826-4000','EIN: 33-1234567','svpriyaa2808@gmail.com',500),
('Motul Asia Pacific Pte Ltd','3 Changi South Lane, #04-01, Singapore 486118','+65 6546 5500','198903021112 (SG)','svpriyaa2808@gmail.com',200),
('Brembo S.p.A. Asia Pacific','6 Raffles Quay, #14-02 John Hancock Tower, Singapore 048580','+65 6224 5511','200901078901 (SG)','svpriyaa2808@gmail.com',300),
('Castrol (Malaysia) Sdn Bhd','Level 12, Menara Shell, No. 211 Jalan Tun Razak, 50400 Kuala Lumpur, Malaysia','+60 3-2786 8000','196701089234 (006782-K)','svpriyaa2808@gmail.com',400),
('Daido Kogyo (DID) Southeast Asia','No. 12 Tuas Avenue 3, Singapore 639405','+65 6861 4888','199201034567 (SG)','svpriyaa2808@gmail.com',200),
('Venhill Engineering Ltd','Unit 3, Forest Row Business Park, Station Road, Forest Row, East Sussex RH18 5DW, United Kingdom','+44 1342 822 999','Company No. 01234567 (UK)','svpriyaa2808@gmail.com',500),
('Motion Pro Inc.','708 Bragato Road, San Carlos, CA 94070, United States','+1 650-594-9600','EIN: 94-2345678','svpriyaa2808@gmail.com',100),
('All Balls Racing Parts','4350 E. Brickell Street, Ontario, CA 91761, United States','+1 909-923-3600','EIN: 33-9876543','svpriyaa2808@gmail.com',200),
('YSS Thailand Co., Ltd.','88/8 Moo 5, Bangna-Trat Road KM.23, Bangplee, Samutprakarn 10540, Thailand','+66 2-312 8999','0105549112233 (TH)','svpriyaa2808@gmail.com',NULL),
('Yuasa Battery (Malaysia) Sdn Bhd','PLO 8, Jalan Keluli, Kawasan Perindustrian Pasir Gudang, 81700 Pasir Gudang, Johor, Malaysia','+60 7-251 7888','199201012345 (243456-W)','svpriyaa2808@gmail.com',300),
('Koso Electronics Co., Ltd.','No. 80, Xingye 1st Road, Xinshi District, Tainan City 74146, Taiwan','+886 6-505 5522','13456789 (TW)','svpriyaa2808@gmail.com',600),
('Rizoma Srl','Via Manzoni 1, 20020 Lainate (MI), Italy','+39 02 9370 7070','IT 07891234561','svpriyaa2808@gmail.com',500),
('Dynojet Research Inc.','2191 Mendenhall Drive, North Las Vegas, NV 89081, United States','+1 702-399-1423','EIN: 88-1234567','svpriyaa2808@gmail.com',400),
('Akrapovic d.o.o.','Drabosenova ulica 10, 1230 Domzale, Slovenia','+386 1 724 8700','VAT SI 27588040','svpriyaa2808@gmail.com',100),
('Oxford Products Ltd.','Oxford House, Gilles Hill, Witney, Oxfordshire OX28 5XD, United Kingdom','+44 1993 862 300','Company No. 01567890 (UK)','svpriyaa2808@gmail.com',300),
('SW-Motech GmbH & Co. KG','Georg-Eger-Strasse 1, 35398 Giessen, Germany','+49 641 94 623-0','HRA 4567 Giessen (DE)','svpriyaa2808@gmail.com',100),
('ODI International Inc.','100 ODI Court, Ashland, OR 97520, United States','+1 541-488-2453','EIN: 93-1234567','svpriyaa2808@gmail.com',200),
('Polaris scandinavian AB','PO Box 5005, 831 05 Ostersund, Sverige','+46 63 19 95 60','SE556630593301','svpriyaa2808@gmail.com',200);

-- ─── Motorcycles ─────────────────────────────────────────────────────────────
INSERT INTO motorcycles (id, name, article_number, brand, vin, year, engine_cc, color, mc_type, warehouse, stock, reorder_qty, cost, selling_price, vendor, description) VALUES
('MC-001','CBR 600RR','HON-CBR600RR-2024','Honda','JH2PC40098M200001',2024,599,'Repsol Red / White','New','Warehouse A',3,2,92000,124900,'Honda Motor Distributors Sdn Bhd','The Honda CBR600RR is a high-performance supersport motorcycle featuring a 599cc inline-4 engine with Ram Air Direct intake. Lightweight aluminum twin-spar frame, fully adjustable suspension, and aggressive aerodynamics make it a track-ready machine.'),
('MC-002','CB650R','HON-CB650R-2024','Honda','JH2PC41023M201102',2024,649,'Graphite Black','New','Warehouse A',2,2,78000,104900,'Honda Motor Distributors Sdn Bhd','The Honda CB650R is a neo-retro naked roadster with a smooth 649cc inline-4 engine. Featuring a round LED headlight, compact chassis, and Showa SFF-BP forks. Perfect blend of classic styling and modern performance for everyday spirited riding.'),
('MC-003','MT-07','YAM-MT07-2024','Yamaha','JYARM24E4KA000234',2024,689,'Midnight Black','New','Warehouse B',5,2,72000,94900,'Yamaha Motor Malaysia Sdn Bhd','The Yamaha MT-07 is a naked street fighter powered by a 689cc CP2 parallel-twin engine. Known for its torquey mid-range power delivery, lightweight chassis, and aggressive styling. Ideal for both city commuting and weekend rides.'),
('MC-004','Ninja 400','KAW-NIN400-2024','Kawasaki','JKBZXJA12LBA00512',2024,399,'Lime Green / Ebony','New','Warehouse B',4,2,54000,72900,'Kawasaki Motors (M) Sdn Bhd','The Kawasaki Ninja 400 is an entry-level supersport with a 399cc parallel-twin engine. Lightweight trellis frame, Assist and Slipper clutch, and full fairing bodywork. Perfect for beginner to intermediate riders looking for sporty performance.'),
('MC-005','Z900','KAW-Z900-2024','Kawasaki','JKAZR4A15PA003381',2024,948,'Metallic Spark Black','New','Warehouse B',2,2,86000,114900,'Kawasaki Motors (M) Sdn Bhd','The Kawasaki Z900 is a high-performance naked bike built around a 948cc inline-4 engine with 125hp. Trellis frame, four-way adjustable front forks, and advanced electronics including Kawasaki Traction Control and four riding modes.'),
('MC-006','Versys 650','KAW-VER650-2023','Kawasaki','JKALE650XPA006712',2023,649,'Candy Lime Green','Trade-In','Warehouse B',3,2,67000,88900,'Kawasaki Motors (M) Sdn Bhd','The Kawasaki Versys 650 is a versatile all-rounder with a 649cc parallel-twin engine. Comfortable upright riding position, adjustable windscreen, and long-travel suspension make it a strong choice for commuting, touring, and occasional off-road use.'),
('MC-007','GSX-R750','SUZ-GSXR750-2023','Suzuki','JS1GR7LA5P2100789',2023,750,'Metallic Triton Blue','New','Warehouse C',2,1,98000,132900,'Suzuki Malaysia Sdn Bhd','The Suzuki GSX-R750 is the legendary supersport that defined the class. A 750cc inline-4 engine with advanced fuel injection, a compact twin-spar aluminum frame, and race-derived suspension components for supreme handling.'),
('MC-008','V-Strom 650 XT','SUZ-VST650XT-2024','Suzuki','JS1VP51B5P2200345',2024,645,'Champion Yellow','New','Warehouse C',3,2,75000,99900,'Suzuki Malaysia Sdn Bhd','The Suzuki V-Strom 650 XT is a mid-size adventure tourer. Features a 645cc V-twin engine, wire-spoke wheels, knuckle guards, and Suzuki Traction Control System. Built for long-haul adventure with excellent fuel economy.'),
('MC-009','Hayabusa','SUZ-HAYA-2024','Suzuki','JS1GX72B3P2300102',2024,1340,'Pearl Brilliant White / Candy Burnt Gold','New','Warehouse C',1,1,165000,219900,'Suzuki Malaysia Sdn Bhd','The Suzuki Hayabusa is the iconic ultimate sport bike with a 1340cc inline-4 engine producing 187hp. Features Launch Control Mode, Cornering ABS, and Active Speed Limiter. A legend reborn.'),
('MC-010','R 1250 GS','BMW-R1250GS-2024','BMW Motorrad','WB10A0204N6D00321',2024,1254,'Style GS Triple Black','New','Warehouse D',2,1,158000,209900,'BMW Motorrad Malaysia','The BMW R 1250 GS is the benchmark adventure touring motorcycle. Powered by a 1254cc ShiftCam boxer twin engine with 136hp, intelligent electronics including dynamic traction control, hill start control, and multiple riding modes for all terrain.'),
('MC-011','Monster 797','DUC-MON797-2023','Ducati','ZDMABBBW0KB000456',2023,803,'Ducati Red','Trade-In','Warehouse D',1,1,105000,139900,'Ducati Asia Pacific Pte Ltd','The Ducati Monster 797 is an iconic naked roadster with a Desmodue L-twin 803cc engine producing 73hp. Its steel trellis frame, single-sided swingarm, and minimalist design embody the essence of the Monster lineage.'),
('MC-012','Street Triple RS','TRI-STRRS-2024','Triumph','SMTC12HX4LJ000678',2024,765,'Sapphire Black','New','Warehouse D',3,2,116000,154900,'Triumph Motorcycles (Asia) Ltd','The Triumph Street Triple RS is the pinnacle of the Street Triple range. A 765cc triple-cylinder engine produces 123hp. Fully adjustable suspension, Brembo brakes, and a full suite of rider aids complete the package.'),
('MC-013','Scout Bobber','IND-SCBOB-2024','Indian','56KMTA008P3001024',2024,1133,'Stealth Gray','Commission','Warehouse A',2,1,139000,184900,'Indian Motorcycle APAC Pte Ltd','The Indian Scout Bobber is a stripped-down cruiser built on the 1133cc Thunder Stroke V-twin. Mid-mounted foot controls, blacked-out styling, and a low seat height make it as approachable as it is striking on the street.'),
('MC-014','Chief Dark Horse','IND-CHDH-2024','Indian','56KMTB003P3001567',2024,1890,'Black Smoke','New','Warehouse A',1,1,199000,264900,'Indian Motorcycle APAC Pte Ltd','The Indian Chief Dark Horse is a blacked-out powerhouse built around the 1890cc Thunder Stroke 116 V-twin producing 126ft-lb of torque. Bold, aggressive, and steeped in American motorcycle heritage.'),
('MC-015','FTR 1200 S','IND-FTR1200S-2023','Indian','56KMTC007P3002001',2023,1203,'Race Replica Red / White','Trade-In','Warehouse A',1,2,146000,194900,'Indian Motorcycle APAC Pte Ltd','The Indian FTR 1200 S is a flat-track-inspired street fighter with a 1203cc V-twin engine. Full-colour TFT touchscreen, Brembo brakes, fully adjustable suspension, and switchable ABS.'),
('MC-016','Meteor 350','RE-MET350-2024','Royal Enfield','ME3FH3511P2900456',2024,349,'Fireball Orange','New','Warehouse B',6,3,41000,54900,'Royal Enfield Motors (M) Sdn Bhd','The Royal Enfield Meteor 350 is a relaxed leisure cruiser powered by a 349cc single-cylinder SOHC engine. Star gazer navigation pod, Tripper turn-by-turn navigation, and dual-channel ABS.'),
('MC-017','Himalayan 450','RE-HIM450-2024','Royal Enfield','ME3FH4512P2901122',2024,452,'Slate Himalayan Salt','New','Warehouse C',2,2,56000,74900,'Royal Enfield Motors (M) Sdn Bhd','The Royal Enfield Himalayan 450 is a purpose-built adventure motorcycle with a liquid-cooled 452cc Sherpa engine producing 40hp. Tripper navigation, long-travel suspension, wire-spoke wheels, and 17L fuel tank.'),
('MC-018','Classic 350','RE-CLS350-BLK-2024','Royal Enfield','ME3FH3510P2902789',2024,349,'Halcyon Black','Trade-In','Warehouse C',1,3,45000,59900,'Royal Enfield Motors (M) Sdn Bhd','The Royal Enfield Classic 350 is the best-selling retro motorcycle in the world. A 349cc J-platform engine delivers effortless torque. Dual-channel ABS, chrome details, and timeless styling. Currently low on stock.'),
('MC-019','Interceptor 650','RE-INT650-2024','Royal Enfield','ME3FH6501P2903456',2024,648,'Ventura Blue','New','Warehouse C',4,2,60000,79900,'Royal Enfield Motors (M) Sdn Bhd','The Royal Enfield Interceptor 650 is a modern classic parallel-twin with a 648cc air-oil cooled engine producing 47hp. Praised worldwide as one of the best-value motorcycles available.'),
('MC-020','Cruiser 400','VOG-CRU400-2024','Vogue','VGM4CR400P1000088',2024,400,'Pearl Ivory / Chrome','New','Warehouse D',3,2,49000,64900,'Vogue Motorcycle Industries','The Vogue Cruiser 400 is a boutique-styled low-slung cruiser with a 400cc single-cylinder engine. Custom chrome detailing, springer front fork, and a retro teardrop tank create a head-turning street presence.'),
('MC-021','Urban 250','VOG-URB250-2024','Vogue','VGM2UR250P1000312',2024,249,'Gloss Matte Black','New','Warehouse D',5,3,32000,42900,'Vogue Motorcycle Industries','The Vogue Urban 250 is a stylish lightweight commuter for city streets. A 249cc single-cylinder fuel-injected engine, USD front forks, and a minimalist instrument panel. Ideal for A2 licence holders.'),
('MC-022','Retro Classic 500','VOG-RTC500-2023','Vogue','VGM5RC500P1000045',2023,499,'British Racing Green','Commission','Warehouse D',1,2,64000,84900,'Vogue Motorcycle Industries','The Vogue Retro Classic 500 is a hand-finished neo-retro roadster with a 499cc parallel-twin engine. Hand-stitched leather seat, brushed stainless exhaust, and classic spoked wheels. Limited production runs ensure exclusivity.');

-- ─── Spare Parts ─────────────────────────────────────────────────────────────
INSERT INTO spare_parts (id, name, article_number, brand, category, stock, reorder_qty, cost, selling_price, vendor, description) VALUES
('SP-001','Oil Filter','ENG-OILF-HON-001','Honda Genuine Parts','Engine',25,10,8,18,'Honda Motor Distributors Sdn Bhd','Genuine Honda oil filter for 4-stroke engines. Removes contaminants and metal particles from engine oil to maintain optimal lubrication and extend engine life.'),
('SP-002','Iridium Spark Plug (Set of 4)','IGN-PLUG-NGK-IR4','NGK','Engine',30,15,12,28,'NGK Spark Plugs (Malaysia) Sdn Bhd','NGK Iridium IX spark plugs for maximum ignitability and superior anti-fouling. Ultra-fine 0.6mm iridium tip ensures longer service life and improved throttle response.'),
('SP-003','Air Filter','ENG-AIRF-KN-001','K&N Engineering','Engine',20,8,35,75,'K&N Engineering Inc.','K&N high-flow air filter with washable and reusable cotton gauze media. Increases airflow up to 50% compared to stock paper filters for improved horsepower and throttle response.'),
('SP-004','Engine Coolant 1L (Blue)','ENG-COOL-MOTUL-1L','Motul','Engine',35,15,10,22,'Motul Asia Pacific Pte Ltd','Motul Motocool Expert ready-to-use engine coolant with corrosion inhibitors. Protects aluminium alloy engines down to -25 degrees C. ASTM D3306 compliant. Renew every 2 years or 30,000km.'),
('SP-005','Piston Ring Set','ENG-PIST-RE350-001','Royal Enfield Genuine','Engine',3,5,38,85,'Royal Enfield Motors (M) Sdn Bhd','Genuine Royal Enfield piston ring set for J-platform 349cc engines. Includes compression rings and oil control ring. Restores compression and returns engine to factory specification.'),
('SP-006','Front Brake Pad Set','BRK-PAD-F-EBC-001','EBC Brakes','Brakes',18,8,22,48,'EBC Brakes Distribution Asia','EBC FA series sintered front brake pads. High-performance sintered compound provides consistent braking in all weather conditions. Direct OEM replacement with improved bite and fade resistance.'),
('SP-007','Rear Brake Disc Rotor','BRK-DSC-R-BRB-001','Brembo','Brakes',8,4,55,120,'Brembo S.p.A. Asia Pacific','Brembo T-Drive floating rear brake disc. Precision-machined stainless steel with a floating mount design to reduce heat transfer. Provides better thermal performance and consistent braking feel.'),
('SP-008','Brake Fluid DOT 4 (500ml)','BRK-FLD-DOT4-500','Castrol','Brakes',40,15,7,18,'Castrol (Malaysia) Sdn Bhd','Castrol React Performance DOT 4 brake fluid. High dry boiling point of 265 degrees C for consistent brake performance. Compatible with all DOT 3 and DOT 4 brake systems. Replace every 2 years.'),
('SP-009','Drive Chain & Sprocket Kit','TRN-CHAIN-DID-520','DID','Transmission',12,5,65,130,'Daido Kogyo (DID) Southeast Asia','DID 520 ERV7 X-Ring chain and JT steel sprocket kit. The X-Ring seal reduces friction for increased power transfer and chain longevity. Includes front sprocket, rear sprocket, and 120-link chain.'),
('SP-010','Clutch Cable','TRN-CLTC-VNH-001','Venhill','Transmission',14,6,14,35,'Venhill Engineering Ltd','Venhill stainless steel braided clutch cable with Teflon inner lining. Prevents cable expansion for a precise clutch feel. Pre-stretched for minimal bedding-in time. Includes adjusters at both ends.'),
('SP-011','Throttle Cable (Push/Pull Set)','TRN-THRC-UNI-001','Motion Pro','Transmission',4,5,18,42,'Motion Pro Inc.','Motion Pro stainless throttle cable push/pull set with a nylon-lined inner cable for smooth operation. Direct-fit replacement for OEM cables. Reduces throttle effort and eliminates sticky throttle symptoms.'),
('SP-012','Front Fork Oil Seal Set','SUS-SEAL-F-UNI-001','All Balls Racing','Suspension',15,6,18,42,'All Balls Racing Parts','All Balls Racing fork seal kit with PTFE-coated seals and dust wipers. Prevents fork oil leaks that cause poor suspension performance. Includes two seals and two dust wipers.'),
('SP-013','Rear Shock Absorber','SUS-SHCK-R-YSS-001','YSS','Suspension',2,3,120,260,'YSS Thailand Co., Ltd.','YSS G-Sport rear shock absorber with stepped rebound damping adjustment. Mono-tube gas pressure design provides superior heat dissipation. Improves handling and reduces bottoming-out. Direct bolt-on replacement.'),
('SP-014','Steering Head Bearing Kit','SUS-STRBR-ABS-001','All Balls Racing','Suspension',10,4,28,65,'All Balls Racing Parts','All Balls Racing steering head bearing and seal kit. Tapered roller bearings replace OEM ball bearings for improved steering precision. Eliminates head-shake and notchy steering.'),
('SP-015','Motorcycle Battery 12V 10Ah','ELC-BAT-YUA-12V','Yuasa','Electrical',10,4,42,90,'Yuasa Battery (Malaysia) Sdn Bhd','Yuasa YTZ12S AGM maintenance-free battery. Factory-activated and shipped ready to install. Vibration resistant construction and superior cranking power in all weather conditions.'),
('SP-016','LED Headlight Conversion Kit H4','ELC-LED-H4-PRJ-001','Koso','Electrical',2,4,55,130,'Koso Electronics Co., Ltd.','Koso H4 hi/lo LED headlight conversion kit with fan-cooled 6000K white LED chip. Produces 3600LM significantly brighter than stock halogen bulbs. Plug-and-play fitment with anti-flicker relay.'),
('SP-017','Universal LED Turn Signal Kit (4pcs)','ELC-TURN-LED-UNI','Rizoma','Electrical',12,5,40,95,'Rizoma Srl','Rizoma Corsa LED flush-mount turn signals with hyper-flash resistors included. CNC-machined aluminium body with smoked diffuser lens. M8 threaded stem fits most OEM mirror mounts.'),
('SP-018','Fuel Pump Assembly','FUL-PUMP-IND-001','Indian Genuine Parts','Fuel System',1,3,180,380,'Indian Motorcycle APAC Pte Ltd','Genuine Indian Motorcycle fuel pump module assembly. Direct OEM replacement for Scout and Chief models. Includes pump, sending unit, and integrated fuel filter. Restores fuel pressure and eliminates hard-start issues.'),
('SP-019','Carburetor Main Jet Kit','FUL-JET-DYN-RE001','Dynojet','Fuel System',20,8,22,55,'Dynojet Research Inc.','Dynojet main jet kit for carburetted motorcycles. Includes a range of jet sizes (100-130) for altitude and performance tuning. Brass construction with precise tolerances for consistent fuel delivery.'),
('SP-020','Pilot Road 5 Front Tyre 120/70 ZR17','TYR-PR5-F-120','Michelin','Tyres & Wheels',10,4,95,195,'Michelin Tyre PLC Malaysia','Michelin Pilot Road 5 front tyre in 120/70 ZR17. 2CT+ compound technology and XST+ sipes for maximum wet grip while maintaining dry performance and longevity.'),
('SP-021','Pilot Road 5 Rear Tyre 180/55 ZR17','TYR-PR5-R-180','Michelin','Tyres & Wheels',10,4,120,235,'Michelin Tyre PLC Malaysia','Michelin Pilot Road 5 rear tyre in 180/55 ZR17. 2CT+ dual compound construction - harder centre for mileage, softer shoulders for cornering grip. Ideal for sport-touring riders.'),
('SP-022','Wheel Bearing Kit (Front + Rear)','TYR-WHLBR-ABS-001','All Balls Racing','Tyres & Wheels',3,4,32,72,'All Balls Racing Parts','All Balls Racing front and rear wheel bearing kit. Chrome steel bearings with C3 clearance rating and high-temperature grease seals. Eliminates wheel wobble. Includes all bearings and seals for complete replacement.'),
('SP-023','Slip-On Exhaust Silencer','EXH-SLP-AKR-001','Akrapovic','Exhaust',6,2,280,580,'Akrapovic d.o.o.','Akrapovic Racing Line titanium slip-on exhaust silencer. Reduces weight by up to 1.8kg, increases power by 3-5hp, and delivers the unmistakable Akrapovic sound. E-mark approved for road use.'),
('SP-024','Royal Enfield Touring Silencer','EXH-TOUR-RE-001','RE Accessories','Exhaust',5,3,85,180,'Royal Enfield Motors (M) Sdn Bhd','Genuine Royal Enfield stainless steel touring silencer. Deep, throaty exhaust note without excessive drone. Brushed stainless finish. Comes with all mounting hardware. E-mark certified and warranty-friendly.'),
('SP-025','Fairing Clip & Bolt Kit','BDY-FAIR-CLIP-HON','Honda Genuine Parts','Body & Frame',22,8,12,28,'Honda Motor Distributors Sdn Bhd','Genuine Honda OEM fairing bolt and push-clip kit. Replaces missing or stripped fasteners that cause fairing panels to rattle or misalign. Includes all clips, push-rivets, and M5/M6 bolts.'),
('SP-026','Tail Light LED Assembly','BDY-TAIL-LED-KAW','Kawasaki Genuine Parts','Body & Frame',3,4,45,98,'Kawasaki Motors (M) Sdn Bhd','Genuine Kawasaki LED tail light and brake light assembly. Direct plug-and-play OEM replacement. Brighter than halogen with lower power draw. Includes integrated licence plate light.');

-- ─── Accessories ─────────────────────────────────────────────────────────────
INSERT INTO accessories (id, name, article_number, brand, category, size, stock, reorder_qty, cost, selling_price, vendor, description) VALUES
('ACC-001','GT-Air II Full-Face Helmet','HLM-GTAIR2-BLK-L','Shoei','Helmet','L',2,3,280,520,'Shoei Co., Ltd.','The Shoei GT-Air II is a premium full-face helmet with integrated sun visor, quiet aerodynamics, and moisture-wicking interior. DOT and SNELL certified. CNS-1 shell construction with EPS liner.'),
('ACC-002','GT-Air II Full-Face Helmet','HLM-GTAIR2-BLK-M','Shoei','Helmet','M',10,4,280,520,'Shoei Co., Ltd.','The Shoei GT-Air II is a premium full-face helmet with integrated sun visor, quiet aerodynamics, and moisture-wicking interior. DOT and SNELL certified. CNS-1 shell construction with EPS liner.'),
('ACC-035','GT-Air II Full-Face Helmet','HLM-GTAIR2-BLK-S','Shoei','Helmet','S',4,3,280,520,'Shoei Co., Ltd.','The Shoei GT-Air II is a premium full-face helmet with integrated sun visor, quiet aerodynamics, and moisture-wicking interior. DOT and SNELL certified. CNS-1 shell construction with EPS liner.'),
('ACC-036','GT-Air II Full-Face Helmet','HLM-GTAIR2-BLK-XL','Shoei','Helmet','XL',3,3,280,520,'Shoei Co., Ltd.','The Shoei GT-Air II is a premium full-face helmet with integrated sun visor, quiet aerodynamics, and moisture-wicking interior. DOT and SNELL certified. CNS-1 shell construction with EPS liner.'),
('ACC-003','AGV K6 Full-Face Helmet','HLM-K6-WHT-M','AGV','Helmet','M',2,3,210,390,'AGV S.p.A.','The AGV K6 is a compact, lightweight full-face helmet with a carbon-Dyneema shell. Features 190 degree horizontal and 85 degree vertical field of vision, Pinlock 120 MaxVision ready visor.'),
('ACC-004','Icon Airflite Full-Face Helmet','HLM-AFL-RED-L','Icon','Helmet','L',6,3,160,310,'Helmet House Inc.','The Icon Airflite is an aggressive full-face helmet with a ProTint photochromic shield that automatically darkens in sunlight. Forced-air ventilation, removable liner, and DOT/ECE 22.06 certified.'),
('ACC-005','LS2 Strobe II Modular Helmet','HLM-STR2-GRY-XL','LS2','Helmet','XL',5,3,130,260,'LS2 Helmets','The LS2 Strobe II is a flip-front modular helmet built from lightweight Kinetic Polymer Alloy. P/J rated for open-face and full-face use. Features a dual visor system and Pinlock EVO lens.'),
('ACC-006','GP Tech V3 Leather Gloves','GLV-GPT3-BLK-L','Alpinestars','Gloves','L',15,6,55,120,'Alpinestars S.p.A.','Alpinestars GP Tech V3 full-leather race gloves with carbon-reinforced knuckle protector and FINGERPRINT touchscreen inserts. TPU palm reinforcement for superior grip and abrasion resistance.'),
('ACC-007','GP Tech V3 Leather Gloves','GLV-GPT3-BLK-M','Alpinestars','Gloves','M',18,8,55,120,'Alpinestars S.p.A.','Alpinestars GP Tech V3 full-leather race gloves with carbon-reinforced knuckle protector and FINGERPRINT touchscreen inserts. TPU palm reinforcement for superior grip and abrasion resistance.'),
('ACC-037','GP Tech V3 Leather Gloves','GLV-GPT3-BLK-S','Alpinestars','Gloves','S',8,5,55,120,'Alpinestars S.p.A.','Alpinestars GP Tech V3 full-leather race gloves with carbon-reinforced knuckle protector and FINGERPRINT touchscreen inserts. TPU palm reinforcement for superior grip and abrasion resistance.'),
('ACC-038','GP Tech V3 Leather Gloves','GLV-GPT3-BLK-XL','Alpinestars','Gloves','XL',10,5,55,120,'Alpinestars S.p.A.','Alpinestars GP Tech V3 full-leather race gloves with carbon-reinforced knuckle protector and FINGERPRINT touchscreen inserts. TPU palm reinforcement for superior grip and abrasion resistance.'),
('ACC-008','Drystar Waterproof Gloves','GLV-DRY-BLK-L','Alpinestars','Gloves','L',12,5,38,85,'Alpinestars S.p.A.','Alpinestars Drystar waterproof riding gloves with 100% waterproof membrane and thermal lining. Reinforced palm, knuckle protector, and reflective piping for low-light visibility.'),
('ACC-009','Summer Mesh Gloves','GLV-MSH-BLK-M','REV''IT!','Gloves','M',2,5,28,65,'REV''IT! Sport International BV','REV''IT! Sand 4 open-palm mesh gloves for maximum airflow in hot climates. Hard TPU knuckle protection, palm slider, and touchscreen-compatible fingertips. CE Level 1 EN 13594 certified.'),
('ACC-010','Winter Thermal Gloves','GLV-WIN-BLK-L','Held','Gloves','L',3,4,65,145,'Held GmbH','Held Revel winter gloves with Gore-Tex membrane and Primaloft insulation. Windproof and waterproof construction with hard knuckle guards. Keeps hands warm in temperatures below 5 degrees C.'),
('ACC-011','Short Cruiser Gloves','GLV-CRU-BRN-L','Indian','Gloves','L',7,3,42,90,'Indian Motorcycle APAC Pte Ltd','Indian Motorcycle classic short leather gloves with perforated knuckle panels for ventilation. Open-back styling, snap wrist closure, and CE EN 13594 palm protection.'),
('ACC-012','GP Plus R V4 Leather Jacket','JKT-GPR4-BLK-XL','Alpinestars','Jacket','XL',5,2,350,699,'Alpinestars S.p.A.','Alpinestars GP Plus R V4 premium full-grain leather sport jacket with CE Level 2 back and shoulder protectors. Bi-elastic leather stretch zones, perforated panels for ventilation.'),
('ACC-013','GP Plus R V4 Leather Jacket','JKT-GPR4-BLK-L','Alpinestars','Jacket','L',7,3,350,699,'Alpinestars S.p.A.','Alpinestars GP Plus R V4 premium full-grain leather sport jacket with CE Level 2 back and shoulder protectors. Bi-elastic leather stretch zones, perforated panels for ventilation.'),
('ACC-039','GP Plus R V4 Leather Jacket','JKT-GPR4-BLK-M','Alpinestars','Jacket','M',6,2,350,699,'Alpinestars S.p.A.','Alpinestars GP Plus R V4 premium full-grain leather sport jacket with CE Level 2 back and shoulder protectors. Bi-elastic leather stretch zones, perforated panels for ventilation.'),
('ACC-040','GP Plus R V4 Leather Jacket','JKT-GPR4-BLK-S','Alpinestars','Jacket','S',3,2,350,699,'Alpinestars S.p.A.','Alpinestars GP Plus R V4 premium full-grain leather sport jacket with CE Level 2 back and shoulder protectors. Bi-elastic leather stretch zones, perforated panels for ventilation.'),
('ACC-014','Andes V3 Drystar Textile Jacket','JKT-AND3-GRY-L','Alpinestars','Jacket','L',9,4,200,420,'Alpinestars S.p.A.','Alpinestars Andes V3 adventure touring textile jacket with full Drystar waterproof membrane. Removable thermal liner, CE Level 1 shoulder and elbow protectors, and multiple storage pockets.'),
('ACC-015','Sand 4 H2O Mesh Jacket','JKT-SND4-BLK-M','REV''IT!','Jacket','M',2,3,220,455,'REV''IT! Sport International BV','REV''IT! Sand 4 H2O 3-layer laminate touring jacket with waterproof-breathable SEEFLEX CE Level 2 back protector. Removable thermal liner and 17 ventilation openings. Certified EN 17092 AA.'),
('ACC-016','Scout Retro Leather Jacket','JKT-SCTR-BRN-L','Indian','Jacket','L',4,2,300,580,'Indian Motorcycle APAC Pte Ltd','Indian Motorcycle Scout distressed leather jacket with CE-approved armour at shoulders, elbows, and a back protector pocket. Quilted lining and the Indian Motorcycle emblem on the back.'),
('ACC-017','Royal Enfield Streetwind Jacket','JKT-STRW-KHK-XL','Royal Enfield','Jacket','XL',1,3,120,245,'Royal Enfield Motors (M) Sdn Bhd','Royal Enfield Streetwind V2 riding jacket in khaki with a 600D polyester outer shell and waterproof coating. Removable CE Level 1 shoulder, elbow, and back protectors. Packable design with storage pouch.'),
('ACC-018','GP Pro V2 Leather Pants','PNT-GPRO-BLK-32','Alpinestars','Pants','W32',4,2,220,450,'Alpinestars S.p.A.','Alpinestars GP Pro V2 full-leather race pants with CE Level 2 knee and hip protectors. Bi-elastic panels and a full-circumference connection zip for use with Alpinestars leather jackets.'),
('ACC-019','Andes V3 Drystar Textile Pants','PNT-AND3-BLK-34','Alpinestars','Pants','W34',1,3,160,320,'Alpinestars S.p.A.','Alpinestars Andes V3 adventure touring pants with Drystar waterproof membrane. CE Level 1 knee and hip protectors, removable thermal liner, and full-length connection zip for Andes V3 jacket.'),
('ACC-020','SMX-6 V2 Boots','BOT-SMX6-BLK-43','Alpinestars','Boots','EU 43',6,2,140,285,'Alpinestars S.p.A.','Alpinestars SMX-6 V2 short motorcycle boots with microfibre/synthetic upper and reinforced heel and toe box. Internal malleolus protection system with oil- and water-resistant outsole. CE certified.'),
('ACC-021','SMX-6 V2 Boots','BOT-SMX6-BLK-42','Alpinestars','Boots','EU 42',8,3,140,285,'Alpinestars S.p.A.','Alpinestars SMX-6 V2 short motorcycle boots with microfibre/synthetic upper and reinforced heel and toe box. Internal malleolus protection system with oil- and water-resistant outsole. CE certified.'),
('ACC-022','Bionic Action V2 Back Protector','PRO-BACK-BIO-L','Alpinestars','Protection','L',10,4,80,165,'Alpinestars S.p.A.','Alpinestars Bionic Action V2 standalone CE Level 2 back protector. Lightweight Bionic foam technology - rigid on impact, soft in normal use. Can be worn standalone or inserted into a compatible jacket.'),
('ACC-023','Nucleon KR-Ci Knee-Shin Guard','PRO-KNEE-NUC-M','Alpinestars','Protection','M',12,5,55,110,'Alpinestars S.p.A.','Alpinestars Nucleon KR-Ci CE Level 2 certified knee and shin protector. Anatomically contoured hard shell with shock-absorbing foam. Adjustable leg straps with silicon gripper for secure positioning.'),
('ACC-024','Hi-Vis Reflective Safety Vest','PRO-VEST-HIVIS-XL','Oxford','Protection','XL',20,8,14,32,'Oxford Products Ltd.','Oxford Bright Top Elite high-visibility vest with 360 degree reflective strips and EN ISO 20471 Class 2 certification. Lightweight mesh construction. Worn over riding jackets for maximum visibility.'),
('ACC-025','Rider Baseball Cap','CAP-BASE-BLK-OS','Alpinestars','Cap','One Size',2,6,18,42,'Alpinestars S.p.A.','Alpinestars Rostrum baseball cap in structured 6-panel cotton twill. Embroidered Alpinestars star logo on front and woven patch on rear. Adjustable strapback closure.'),
('ACC-026','Royal Enfield Classic Cap','CAP-RE-CLS-BRN-OS','Royal Enfield','Cap','One Size',3,5,15,35,'Royal Enfield Motors (M) Sdn Bhd','Royal Enfield Classic washed canvas cap with distressed vintage finish and embroidered RE logo. Adjustable brass buckle strap at the rear.'),
('ACC-027','Indian Motorcycle Snapback Cap','CAP-IND-SNAP-BLK-OS','Indian','Cap','One Size',8,4,20,48,'Indian Motorcycle APAC Pte Ltd','Indian Motorcycle flat-brim snapback with a flat-embroidered Indian head logo. Structured crown with adjustable plastic snap closure. Officially licensed Indian Motorcycle merchandise.'),
('ACC-028','Kawasaki Racing Team Cap','CAP-KRT-GRN-OS','Kawasaki','Cap','One Size',2,5,16,38,'Kawasaki Motors (M) Sdn Bhd','Kawasaki Racing Team (KRT) official replica cap in iconic Kawasaki Racing Green. Embroidered KRT logo and Kawasaki lettering. Velcro rear closure with race-replica styling.'),
('ACC-029','Full Balaclava','NCK-BAL-BLK-OS','Held','Neck & Face','One Size',18,8,15,38,'Held GmbH','Held Cool-Dry balaclava with moisture-wicking and antibacterial fabric. Full face, head and neck coverage. Provides a hygiene layer under helmets and effective sun and wind protection.'),
('ACC-030','Neck Gaiter / Tube Scarf','NCK-TUBE-GRY-OS','Oxford','Neck & Face','One Size',3,6,8,20,'Oxford Products Ltd.','Oxford seamless tube scarf in microfibre fleece. Versatile - wear as a neck gaiter, face mask, headband, or skull cap. Provides warmth at the neck and chin gap between helmet and jacket.'),
('ACC-031','Evo 4 Tail Bag 45L','LUG-TAIL-SW45-BLK','SW-Motech','Luggage',NULL,7,3,85,175,'SW-Motech GmbH & Co. KG','SW-Motech Evo 4 expandable tail bag with 45-60L capacity. 420D nylon with waterproof coating, emergency rain cover, and quick-lock straps. Removable shoulder strap for carry-off-bike use.'),
('ACC-032','Tank Bag Magnetic 8L','LUG-TANK-MAG-8L','Oxford','Luggage',NULL,2,3,48,110,'Oxford Products Ltd.','Oxford Aqua B8 magnetic tank bag with 8L capacity and roll-top waterproof closure. Six strong base magnets hold the bag securely. Clear map pocket on top with touchscreen-compatible film.'),
('ACC-033','ODI Lock-On Handlebar Grips','HGB-ODI-LCK-BLK','ODI','Handlebars & Grips',NULL,20,8,18,42,'ODI International Inc.','ODI Ruffian Lock-On handlebar grips with dual-lock clamp system - no glue required. Soft rubber compound for vibration dampening. Universal 7/8 inch (22mm) internal diameter.'),
('ACC-034','Heated Handlebar Grips 7/8"','HGB-HEAT-OXF-001','Oxford','Handlebars & Grips',NULL,4,3,55,120,'Oxford Products Ltd.','Oxford HotGrips Advanced Urban heated handlebar grips with five heat settings. 12V connection with auto shut-off timer. Fit 7/8 inch (22mm) bars. Essential for cold-weather commuting.');

-- ─── Purchase Orders ──────────────────────────────────────────────────────────
INSERT INTO purchase_orders (id, vendor, date, eta, status, total_cost, notes) VALUES
('PO-2024-001','Yamaha Motor Malaysia Sdn Bhd','Feb 3, 2026','—','Received',18600,'MT-07 batch received in full. No discrepancies noted.'),
('PO-2024-002','Michelin Tyre PLC Malaysia','Jan 28, 2026','—','Received',1720,'Full tyre shipment received. 2 units damaged on arrival — credit note requested.'),
('PO-2024-003','Alpinestars S.p.A.','Jan 22, 2026','—','Received',3235,'Gloves and jackets received. All items inspected and shelved.'),
('PO-2024-004','Honda Motor Distributors Sdn Bhd','Feb 10, 2026','Mar 3, 2026','Sent',17000,'PO sent to Honda. Awaiting dispatch confirmation.'),
('PO-2024-005','Kawasaki Motors (M) Sdn Bhd','Feb 12, 2026','Mar 5, 2026','Sent',11200,'Versys 650 PO sent. Kawasaki confirmed dispatch for early March.'),
('PO-2024-006','NGK Spark Plugs (Malaysia) Sdn Bhd','Feb 15, 2026','Mar 8, 2026','Approved',240,'Approved. Awaiting submission to NGK supplier portal.'),
('PO-2024-007','EBC Brakes Distribution Asia','Feb 18, 2026','Mar 10, 2026','Approved',330,'Approved. To be submitted to EBC distributor portal this week.');

-- ─── PO Line Items ────────────────────────────────────────────────────────────
INSERT INTO po_line_items (po_id, inventory_id, name, article_number, order_qty, unit_cost, line_total, size) VALUES
('PO-2024-001','MC-003','MT-07 - Midnight Black (2024)','YAM-MT07-2024',3,6200,18600,NULL),
('PO-2024-002','SP-020','Pilot Road 5 Front Tyre 120/70 ZR17','TYR-PR5-F-120',8,95,760,NULL),
('PO-2024-002','SP-021','Pilot Road 5 Rear Tyre 180/55 ZR17','TYR-PR5-R-180',8,120,960,NULL),
('PO-2024-003','ACC-006','GP Tech V3 Leather Gloves - L','GLV-GPT3-BLK-L',12,55,660,'L'),
('PO-2024-003','ACC-007','GP Tech V3 Leather Gloves - M','GLV-GPT3-BLK-M',15,55,825,'M'),
('PO-2024-003','ACC-012','GP Plus R V4 Leather Jacket - XL','JKT-GPR4-BLK-XL',5,350,1750,'XL'),
('PO-2024-004','MC-001','CBR 600RR - Repsol Red / White (2024)','HON-CBR600RR-2024',2,8500,17000,NULL),
('PO-2024-005','MC-006','Versys 650 - Candy Lime Green (2023)','KAW-VER650-2023',2,5600,11200,NULL),
('PO-2024-006','SP-002','Iridium Spark Plug (Set of 4)','IGN-PLUG-NGK-IR4',20,12,240,NULL),
('PO-2024-007','SP-006','Front Brake Pad Set','BRK-PAD-F-EBC-001',15,22,330,NULL);
